Datetime,Water Level (m)
2025-12-31 00:00:00,0.15494381
2025-12-31 01:00:00,0.047686476
2025-12-31 02:00:00,-0.18369651
2025-12-31 03:00:00,-0.48092026
2025-12-31 04:00:00,-0.76761425
2025-12-31 05:00:00,-0.959544
2025-12-31 06:00:00,-0.9995543
2025-12-31 07:00:00,-0.87540525
2025-12-31 08:00:00,-0.6072298
2025-12-31 09:00:00,-0.2525377
2025-12-31 10:00:00,0.098422416
2025-12-31 11:00:00,0.37028614
2025-12-31 12:00:00,0.52250624
2025-12-31 13:00:00,0.52664495
2025-12-31 14:00:00,0.39662218
2025-12-31 15:00:00,0.14329879
2025-12-31 16:00:00,-0.1774865
2025-12-31 17:00:00,-0.4709911
2025-12-31 18:00:00,-0.6810693
2025-12-31 19:00:00,-0.76253295
2025-12-31 20:00:00,-0.6928555
2025-12-31 21:00:00,-0.48958537
2025-12-31 22:00:00,-0.22509229
2025-12-31 23:00:00,0.012866431
2026-01-01 00:00:00,0.16595094
2026-01-01 01:00:00,0.18554492
2026-01-01 02:00:00,0.05253157
2026-01-01 03:00:00,-0.21398954
2026-01-01 04:00:00,-0.54426754
2026-01-01 05:00:00,-0.84928465
2026-01-01 06:00:00,-1.0434244
2026-01-01 07:00:00,-1.0876464
2026-01-01 08:00:00,-0.9439059
2026-01-01 09:00:00,-0.6415259
2026-01-01 10:00:00,-0.24929465
2026-01-01 11:00:00,0.1395726
2026-01-01 12:00:00,0.45768803
2026-01-01 13:00:00,0.6373738
2026-01-01 14:00:00,0.6298796
2026-01-01 15:00:00,0.45532995
2026-01-01 16:00:00,0.13310926
2026-01-01 17:00:00,-0.24870427
2026-01-01 18:00:00,-0.59627485
2026-01-01 19:00:00,-0.834747
2026-01-01 20:00:00,-0.9156437
2026-01-01 21:00:00,-0.80616623
2026-01-01 22:00:00,-0.5586068
2026-01-01 23:00:00,-0.24451244
2026-01-02 00:00:00,0.030334983
2026-01-02 01:00:00,0.20246378
2026-01-02 02:00:00,0.22156954
2026-01-02 03:00:00,0.058900077
2026-01-02 04:00:00,-0.23761
2026-01-02 05:00:00,-0.59305465
2026-01-02 06:00:00,-0.91048944
2026-01-02 07:00:00,-1.1208551
2026-01-02 08:00:00,-1.147515
2026-01-02 09:00:00,-0.9705764
2026-01-02 10:00:00,-0.62939984
2026-01-02 11:00:00,-0.20499724
2026-01-02 12:00:00,0.2220403
2026-01-02 13:00:00,0.55624366
2026-01-02 14:00:00,0.7278678
2026-01-02 15:00:00,0.6806898
2026-01-02 16:00:00,0.44340315
2026-01-02 17:00:00,0.068225905
2026-01-02 18:00:00,-0.36500534
2026-01-02 19:00:00,-0.74327487
2026-01-02 20:00:00,-0.9902626
2026-01-02 21:00:00,-1.0409058
2026-01-02 22:00:00,-0.88429534
2026-01-02 23:00:00,-0.58936167
2026-01-03 00:00:00,-0.23490176
2026-01-03 01:00:00,0.07486656
2026-01-03 02:00:00,0.25345618
2026-01-03 03:00:00,0.25258812
2026-01-03 04:00:00,0.054150023
2026-01-03 05:00:00,-0.2739665
2026-01-03 06:00:00,-0.64477855
2026-01-03 07:00:00,-0.97387534
2026-01-03 08:00:00,-1.1660595
2026-01-03 09:00:00,-1.165595
2026-01-03 10:00:00,-0.9545534
2026-01-03 11:00:00,-0.577266
2026-01-03 12:00:00,-0.11690884
2026-01-03 13:00:00,0.33148935
2026-01-03 14:00:00,0.65732265
2026-01-03 15:00:00,0.7926003
2026-01-03 16:00:00,0.6832709
2026-01-03 17:00:00,0.38573202
2026-01-03 18:00:00,-0.043813903
2026-01-03 19:00:00,-0.50483406
2026-01-03 20:00:00,-0.88974774
2026-01-03 21:00:00,-1.1053057
2026-01-03 22:00:00,-1.0956086
2026-01-03 23:00:00,-0.88302237
2026-01-04 00:00:00,-0.5358195
2026-01-04 01:00:00,-0.15477386
2026-01-04 02:00:00,0.15254597
2026-01-04 03:00:00,0.2980685
2026-01-04 04:00:00,0.25036633
2026-01-04 05:00:00,0.015141581
2026-01-04 06:00:00,-0.32111365
2026-01-04 07:00:00,-0.7011475
2026-01-04 08:00:00,-1.0157174
2026-01-04 09:00:00,-1.1784642
2026-01-04 10:00:00,-1.1409299
2026-01-04 11:00:00,-0.8986246
2026-01-04 12:00:00,-0.48666546
2026-01-04 13:00:00,-0.0039823432
2026-01-04 14:00:00,0.43938434
2026-01-04 15:00:00,0.72550464
2026-01-04 16:00:00,0.78808117
2026-01-04 17:00:00,0.6133068
2026-01-04 18:00:00,0.25776434
2026-01-04 19:00:00,-0.20450635
2026-01-04 20:00:00,-0.66800416
2026-01-04 21:00:00,-1.0104433
2026-01-04 22:00:00,-1.1665069
2026-01-04 23:00:00,-1.0925857
2026-01-05 00:00:00,-0.8374799
2026-01-05 01:00:00,-0.45250612
2026-01-05 02:00:00,-0.07268981
2026-01-05 03:00:00,0.21095394
2026-01-05 04:00:00,0.3153784
2026-01-05 05:00:00,0.22348815
2026-01-05 06:00:00,-0.023487298
2026-01-05 07:00:00,-0.38433123
2026-01-05 08:00:00,-0.7603191
2026-01-05 09:00:00,-1.0395812
2026-01-05 10:00:00,-1.1606026
2026-01-05 11:00:00,-1.0819983
2026-01-05 12:00:00,-0.79219574
2026-01-05 13:00:00,-0.35146818
2026-01-05 14:00:00,0.122739024
2026-01-05 15:00:00,0.5149301
2026-01-05 16:00:00,0.72715557
2026-01-05 17:00:00,0.7047224
2026-01-05 18:00:00,0.47949836
2026-01-05 19:00:00,0.08640309
2026-01-05 20:00:00,-0.3790819
2026-01-05 21:00:00,-0.7995201
2026-01-05 22:00:00,-1.0788592
2026-01-05 23:00:00,-1.1672171
2026-01-06 00:00:00,-1.041569
